<?xml version='1.0' standalone='yes' ?>
<LVData xmlns="http://www.ni.com/LVData">
<Version>19.0f2</Version>
<Cluster>
<Name>ClusterMIDConfig</Name>
<NumElts>18</NumElts>
<U8>
<Name>EndChannel</Name>
<Val>1</Val>
</U8>
<U8>
<Name>BeginChannel</Name>
<Val>0</Val>
</U8>
<U16>
<Name>NumberOfCycles</Name>
<Val>0</Val>
</U16>
<EW>
<Name>MeasureMode</Name>
<Choice>CYCLE</Choice>
<Choice>ADJ_FINE</Choice>
<Choice>ADJ_COARSE</Choice>
<Choice>RF-TUNE</Choice>
<Choice>OFFSET</Choice>
<Val>0</Val>
</EW>
<EW>
<Name>CycleMode</Name>
<Choice>MONO</Choice>
<Choice>MULTI</Choice>
<Val>1</Val>
</EW>
<EW>
<Name>DataPump.Mode</Name>
<Choice>DATA-LOOSE</Choice>
<Choice>HOLD</Choice>
<Choice>HOLD-EMPTY</Choice>
<Val>0</Val>
</EW>
<String>
<Name>URL</Name>
<Val>OPC://localhost/Softing.OPC.DF/"Config"/DA/"Tunnel"</Val>
</String>
<EW>
<Name>SimulationMode</Name>
<Choice>OFF</Choice>
<Choice>INTERN</Choice>
<Choice>EXTERN</Choice>
<Val>1</Val>
</EW>
<Array>
<Name>DetectorType</Name>
<Dimsize>1</Dimsize>
<U8>
<Name>DetectorType</Name>
<Val>0</Val>
</U8>
</Array>
<Array>
<Name>DetectorRange [A]</Name>
<Dimsize>1</Dimsize>
<U8>
<Name>DetectorRange</Name>
<Val>0</Val>
</U8>
</Array>
<Array>
<Name>AutoRangeMode</Name>
<Dimsize>1</Dimsize>
<U8>
<Name>AutoRangeMode</Name>
<Val>0</Val>
</U8>
</Array>
<Array>
<Name>MassMode</Name>
<Dimsize>1</Dimsize>
<U8>
<Name>MassMode</Name>
<Val>0</Val>
</U8>
</Array>
<Array>
<Name>DwellSpeed</Name>
<Dimsize>1</Dimsize>
<U8>
<Name>DwellSpeed</Name>
<Val>6</Val>
</U8>
</Array>
<Array>
<Name>FirstMass</Name>
<Dimsize>1</Dimsize>
<DBL>
<Name>FirstMass</Name>
<Val>1.00000000000000</Val>
</DBL>
</Array>
<Array>
<Name>Width</Name>
<Dimsize>1</Dimsize>
<DBL>
<Name>Width</Name>
<Val>50.00000000000000</Val>
</DBL>
</Array>
<Array>
<Name>SEMVoltage [V]</Name>
<Dimsize>1</Dimsize>
<DBL>
<Name>SEMVoltage [V] 2</Name>
<Val>0.00000000000000</Val>
</DBL>
</Array>
<Array>
<Name>Resolution</Name>
<Dimsize>1</Dimsize>
<U8>
<Name>Resolution</Name>
<Val>50</Val>
</U8>
</Array>
<String>
<Name>Parameter file name</Name>
<Val></Val>
</String>
</Cluster>
</LVData>