<?xml version='1.0' standalone='yes' ?>
<LVData xmlns="http://www.ni.com/LVData">
<Version>19.0f2</Version>
<Array>
<Name>Array</Name>
<Dimsize>5</Dimsize>
<Cluster>
<Name>Paths</Name>
<NumElts>5</NumElts>
<EW>
<Name>File Type</Name>
<Choice>KEMS System</Choice>
<Choice>MS Scan</Choice>
<Choice>MS MID</Choice>
<Choice>MS SID</Choice>
<Choice>Data Files</Choice>
<Val>0</Val>
</EW>
<Path>
<Name>Folder path</Name>
<Val>C:\Users\JYC\Documents\LabVIEW Projects\KCDC\System</Val>
</Path>
<String>
<Name>File Name Prefix</Name>
<Val></Val>
</String>
<String>
<Name>File Name Postfix</Name>
<Val></Val>
</String>
<String>
<Name>File Extention</Name>
<Val>.xml</Val>
</String>
</Cluster>
<Cluster>
<Name>Paths</Name>
<NumElts>5</NumElts>
<EW>
<Name>File Type</Name>
<Choice>KEMS System</Choice>
<Choice>MS Scan</Choice>
<Choice>MS MID</Choice>
<Choice>MS SID</Choice>
<Choice>Data Files</Choice>
<Val>1</Val>
</EW>
<Path>
<Name>Folder path</Name>
<Val>C:\Users\JYC\Documents\LabVIEW Projects\KCDC\Scan Par</Val>
</Path>
<String>
<Name>File Name Prefix</Name>
<Val></Val>
</String>
<String>
<Name>File Name Postfix</Name>
<Val>_SCAN_Par</Val>
</String>
<String>
<Name>File Extention</Name>
<Val>.xml</Val>
</String>
</Cluster>
<Cluster>
<Name>Paths</Name>
<NumElts>5</NumElts>
<EW>
<Name>File Type</Name>
<Choice>KEMS System</Choice>
<Choice>MS Scan</Choice>
<Choice>MS MID</Choice>
<Choice>MS SID</Choice>
<Choice>Data Files</Choice>
<Val>2</Val>
</EW>
<Path>
<Name>Folder path</Name>
<Val>C:\Users\JYC\Documents\LabVIEW Projects\KCDC\MID Par</Val>
</Path>
<String>
<Name>File Name Prefix</Name>
<Val></Val>
</String>
<String>
<Name>File Name Postfix</Name>
<Val>_MID_Par</Val>
</String>
<String>
<Name>File Extention</Name>
<Val>.xml</Val>
</String>
</Cluster>
<Cluster>
<Name>Paths</Name>
<NumElts>5</NumElts>
<EW>
<Name>File Type</Name>
<Choice>KEMS System</Choice>
<Choice>MS Scan</Choice>
<Choice>MS MID</Choice>
<Choice>MS SID</Choice>
<Choice>Data Files</Choice>
<Val>3</Val>
</EW>
<Path>
<Name>Folder path</Name>
<Val>C:\Users\JYC\Documents\LabVIEW Projects\KCDC\SID Par</Val>
</Path>
<String>
<Name>File Name Prefix</Name>
<Val></Val>
</String>
<String>
<Name>File Name Postfix</Name>
<Val>_SID_Par</Val>
</String>
<String>
<Name>File Extention</Name>
<Val>.xml</Val>
</String>
</Cluster>
<Cluster>
<Name>Paths</Name>
<NumElts>5</NumElts>
<EW>
<Name>File Type</Name>
<Choice>KEMS System</Choice>
<Choice>MS Scan</Choice>
<Choice>MS MID</Choice>
<Choice>MS SID</Choice>
<Choice>Data Files</Choice>
<Val>4</Val>
</EW>
<Path>
<Name>Folder path</Name>
<Val>C:\Users\JYC\Documents\LabVIEW Projects\KCDC\Exp Data</Val>
</Path>
<String>
<Name>File Name Prefix</Name>
<Val></Val>
</String>
<String>
<Name>File Name Postfix</Name>
<Val></Val>
</String>
<String>
<Name>File Extention</Name>
<Val>.txt</Val>
</String>
</Cluster>
</Array>
</LVData>