<?xml version='1.0' standalone='yes' ?>
<LVData xmlns="http://www.ni.com/LVData">
<Version>19.0f2</Version>
<Array>
<Name>Cells Pos Array</Name>
<Dimsize>4</Dimsize>
<Cluster>
<Name>Cluster CellsPos</Name>
<NumElts>3</NumElts>
<DBL>
<Name>X Position</Name>
<Val>25.55084745762713</Val>
</DBL>
<I32>
<Name>Cell number</Name>
<Val>1</Val>
</I32>
<DBL>
<Name>Y Position</Name>
<Val>281.58995815899584</Val>
</DBL>
</Cluster>
<Cluster>
<Name>Cluster CellsPos</Name>
<NumElts>3</NumElts>
<DBL>
<Name>X Position</Name>
<Val>-28.81355932203390</Val>
</DBL>
<I32>
<Name>Cell number</Name>
<Val>2</Val>
</I32>
<DBL>
<Name>Y Position</Name>
<Val>277.82426778242677</Val>
</DBL>
</Cluster>
<Cluster>
<Name>Cluster CellsPos</Name>
<NumElts>3</NumElts>
<DBL>
<Name>X Position</Name>
<Val>-30.29661016949152</Val>
</DBL>
<I32>
<Name>Cell number</Name>
<Val>3</Val>
</I32>
<DBL>
<Name>Y Position</Name>
<Val>225.52301255230125</Val>
</DBL>
</Cluster>
<Cluster>
<Name>Cluster CellsPos</Name>
<NumElts>3</NumElts>
<DBL>
<Name>X Position</Name>
<Val>29.44915254237289</Val>
</DBL>
<I32>
<Name>Cell number</Name>
<Val>4</Val>
</I32>
<DBL>
<Name>Y Position</Name>
<Val>225.73221757322176</Val>
</DBL>
</Cluster>
</Array>
</LVData>