<?xml version='1.0' standalone='yes' ?>
<LVData xmlns="http://www.ni.com/LVData">
<Version>19.0f2</Version>
<Array>
<Name></Name>
<Dimsize>2</Dimsize>
<Cluster>
<Name>output cluster</Name>
<NumElts>3</NumElts>
<EW>
<Name>Data Type</Name>
<Choice>no data</Choice>
<Choice>Temperature Pyro Calibrated</Choice>
<Choice>Temperature Pyro</Choice>
<Choice>Temperature TC 1</Choice>
<Choice>Temperature TC 2</Choice>
<Choice>Vacuum KC</Choice>
<Choice>Vacuum IS</Choice>
<Choice>Cath Volt Cal</Choice>
<Choice>Cath Volt</Choice>
<Choice>Table X Pos</Choice>
<Choice>Temperature Process </Choice>
<Choice>Temperature Set</Choice>
<Choice>Table Y Pos</Choice>
<Choice>Cell Number</Choice>
<Choice>Shutter</Choice>
<Choice>Current Heater</Choice>
<Choice>Voltage Heater</Choice>
<Choice>Power Heater</Choice>
<Choice>Filament</Choice>
<Choice>P</Choice>
<Choice>G</Choice>
<Choice>Reserve</Choice>
<Choice>Mass</Choice>
<Val>1</Val>
</EW>
<DBL>
<Name>Channel ID</Name>
<Val>0.00000000000000</Val>
</DBL>
<Boolean>
<Name>Channel On/Off</Name>
<Val>1</Val>
</Boolean>
</Cluster>
<Cluster>
<Name>output cluster</Name>
<NumElts>3</NumElts>
<EW>
<Name>Data Type</Name>
<Choice>no data</Choice>
<Choice>Temperature Pyro Calibrated</Choice>
<Choice>Temperature Pyro</Choice>
<Choice>Temperature TC 1</Choice>
<Choice>Temperature TC 2</Choice>
<Choice>Vacuum KC</Choice>
<Choice>Vacuum IS</Choice>
<Choice>Cath Volt Cal</Choice>
<Choice>Cath Volt</Choice>
<Choice>Table X Pos</Choice>
<Choice>Temperature Process </Choice>
<Choice>Temperature Set</Choice>
<Choice>Table Y Pos</Choice>
<Choice>Cell Number</Choice>
<Choice>Shutter</Choice>
<Choice>Current Heater</Choice>
<Choice>Voltage Heater</Choice>
<Choice>Power Heater</Choice>
<Choice>Filament</Choice>
<Choice>P</Choice>
<Choice>G</Choice>
<Choice>Reserve</Choice>
<Choice>Mass</Choice>
<Val>1</Val>
</EW>
<DBL>
<Name>Channel ID</Name>
<Val>1.00000000000000</Val>
</DBL>
<Boolean>
<Name>Channel On/Off</Name>
<Val>1</Val>
</Boolean>
</Cluster>
</Array>
</LVData>