<?xml version='1.0' standalone='yes' ?>
<LVData xmlns="http://www.ni.com/LVData">
<Version>19.0.1</Version>
<Array>
<Name>Cells Pos Array</Name>
<Dimsize>4</Dimsize>
<Cluster>
<Name>Cluster CellsPos</Name>
<NumElts>3</NumElts>
<DBL>
<Name>X Position</Name>
<Val>-29.87288135593220</Val>
</DBL>
<I32>
<Name>Cell number</Name>
<Val>1</Val>
</I32>
<DBL>
<Name>Y Position</Name>
<Val>230.96234309623432</Val>
</DBL>
</Cluster>
<Cluster>
<Name>Cluster CellsPos</Name>
<NumElts>3</NumElts>
<DBL>
<Name>X Position</Name>
<Val>-28.81355932203390</Val>
</DBL>
<I32>
<Name>Cell number</Name>
<Val>2</Val>
</I32>
<DBL>
<Name>Y Position</Name>
<Val>276.77824267782427</Val>
</DBL>
</Cluster>
<Cluster>
<Name>Cluster CellsPos</Name>
<NumElts>3</NumElts>
<DBL>
<Name>X Position</Name>
<Val>20.76271186440680</Val>
</DBL>
<I32>
<Name>Cell number</Name>
<Val>3</Val>
</I32>
<DBL>
<Name>Y Position</Name>
<Val>230.96234309623432</Val>
</DBL>
</Cluster>
<Cluster>
<Name>Cluster CellsPos</Name>
<NumElts>3</NumElts>
<DBL>
<Name>X Position</Name>
<Val>20.55084745762713</Val>
</DBL>
<I32>
<Name>Cell number</Name>
<Val>4</Val>
</I32>
<DBL>
<Name>Y Position</Name>
<Val>282.84518828451883</Val>
</DBL>
</Cluster>
</Array>
</LVData>